Date,Procedure,n_Procedure,Temperature,EventTarget,Day,2015,Month,Tareeq
12/11/2015,A,1,27,1,Friday,1,1.0,0.3548387096774194
12/11/2015,B,1,27,1,Friday,1,1.0,0.3548387096774194
12/11/2015,C,0,27,1,Friday,1,1.0,0.3548387096774194
12/12/2015,A,3,21,0,Saturday,1,1.0,0.3870967741935484
12/12/2015,B,2,21,0,Saturday,1,1.0,0.3870967741935484
12/12/2015,C,3,21,0,Saturday,1,1.0,0.3870967741935484
12/13/2015,A,5,20,1,Sunday,1,1.0,0.41935483870967744
12/13/2015,B,2,20,1,Sunday,1,1.0,0.41935483870967744
12/13/2015,C,3,20,1,Sunday,1,1.0,0.41935483870967744
12/14/2015,A,8,27,0,Monday,1,1.0,0.45161290322580644
12/14/2015,B,2,27,0,Monday,1,1.0,0.45161290322580644
12/14/2015,C,2,27,0,Monday,1,1.0,0.45161290322580644
12/15/2015,A,10,22,0,Tuesday,1,1.0,0.4838709677419355
12/15/2015,B,3,22,0,Tuesday,1,1.0,0.4838709677419355
12/15/2015,C,4,22,0,Tuesday,1,1.0,0.4838709677419355
12/16/2015,A,5,23,0,Wednesday,1,1.0,0.5161290322580645
12/16/2015,B,1,23,0,Wednesday,1,1.0,0.5161290322580645
12/16/2015,C,3,23,0,Wednesday,1,1.0,0.5161290322580645
12/17/2015,A,5,24,2,Thursday,1,1.0,0.5483870967741935
12/17/2015,B,0,24,2,Thursday,1,1.0,0.5483870967741935
12/17/2015,C,4,24,2,Thursday,1,1.0,0.5483870967741935
12/18/2015,A,9,20,2,Friday,1,1.0,0.5806451612903226
12/18/2015,B,1,20,2,Friday,1,1.0,0.5806451612903226
12/18/2015,C,4,20,2,Friday,1,1.0,0.5806451612903226
12/19/2015,A,4,25,2,Saturday,1,1.0,0.6129032258064516
12/19/2015,B,0,25,2,Saturday,1,1.0,0.6129032258064516
12/19/2015,C,2,25,2,Saturday,1,1.0,0.6129032258064516
12/20/2015,A,8,25,2,Sunday,1,1.0,0.6451612903225806
12/20/2015,B,4,25,2,Sunday,1,1.0,0.6451612903225806
12/20/2015,C,2,25,2,Sunday,1,1.0,0.6451612903225806
12/21/2015,A,0,25,2,Monday,1,1.0,0.6774193548387096
12/21/2015,B,1,25,2,Monday,1,1.0,0.6774193548387096
12/21/2015,C,3,25,2,Monday,1,1.0,0.6774193548387096
12/22/2015,A,10,21,2,Tuesday,1,1.0,0.7096774193548387
12/22/2015,B,4,21,2,Tuesday,1,1.0,0.7096774193548387
12/22/2015,C,4,21,2,Tuesday,1,1.0,0.7096774193548387
12/23/2015,A,5,26,2,Wednesday,1,1.0,0.7419354838709677
12/23/2015,B,4,26,2,Wednesday,1,1.0,0.7419354838709677
12/23/2015,C,4,26,2,Wednesday,1,1.0,0.7419354838709677
12/24/2015,A,6,23,0,Thursday,1,1.0,0.7741935483870968
12/24/2015,B,7,23,0,Thursday,1,1.0,0.7741935483870968
12/24/2015,C,2,23,0,Thursday,1,1.0,0.7741935483870968
12/25/2015,A,5,28,0,Friday,1,1.0,0.8064516129032258
12/25/2015,B,3,28,0,Friday,1,1.0,0.8064516129032258
12/25/2015,C,2,28,0,Friday,1,1.0,0.8064516129032258
12/26/2015,A,3,19,0,Saturday,1,1.0,0.8387096774193549
12/26/2015,B,3,19,0,Saturday,1,1.0,0.8387096774193549
12/26/2015,C,4,19,0,Saturday,1,1.0,0.8387096774193549
12/27/2015,A,5,20,0,Sunday,1,1.0,0.8709677419354839
12/27/2015,B,3,20,0,Sunday,1,1.0,0.8709677419354839
12/27/2015,C,2,20,0,Sunday,1,1.0,0.8709677419354839
12/28/2015,A,6,24,0,Monday,1,1.0,0.9032258064516129
12/28/2015,B,2,24,0,Monday,1,1.0,0.9032258064516129
12/28/2015,C,1,24,0,Monday,1,1.0,0.9032258064516129
12/29/2015,A,11,24,0,Tuesday,1,1.0,0.9354838709677419
12/29/2015,B,5,24,0,Tuesday,1,1.0,0.9354838709677419
12/29/2015,C,3,24,0,Tuesday,1,1.0,0.9354838709677419
12/30/2015,A,8,27,0,Wednesday,1,1.0,0.967741935483871
12/30/2015,B,5,27,0,Wednesday,1,1.0,0.967741935483871
12/30/2015,C,4,27,0,Wednesday,1,1.0,0.967741935483871
12/31/2015,A,10,30,0,Thursday,1,1.0,1.0
12/31/2015,B,4,30,0,Thursday,1,1.0,1.0
12/31/2015,C,4,30,0,Thursday,1,1.0,1.0
1/1/2016,A,5,19,0,Friday,0,0.08333333333333333,0.03225806451612903
1/1/2016,B,2,19,0,Friday,0,0.08333333333333333,0.03225806451612903
1/1/2016,C,4,19,0,Friday,0,0.08333333333333333,0.03225806451612903
1/2/2016,A,3,19,0,Saturday,0,0.08333333333333333,0.06451612903225806
1/2/2016,B,2,19,0,Saturday,0,0.08333333333333333,0.06451612903225806
1/2/2016,C,2,19,0,Saturday,0,0.08333333333333333,0.06451612903225806
1/3/2016,A,4,19,0,Sunday,0,0.08333333333333333,0.0967741935483871
1/3/2016,B,5,19,0,Sunday,0,0.08333333333333333,0.0967741935483871
1/3/2016,C,2,19,0,Sunday,0,0.08333333333333333,0.0967741935483871
1/4/2016,A,7,20,0,Monday,0,0.08333333333333333,0.12903225806451613
1/4/2016,B,4,20,0,Monday,0,0.08333333333333333,0.12903225806451613
1/4/2016,C,5,20,0,Monday,0,0.08333333333333333,0.12903225806451613
1/5/2016,A,3,23,0,Tuesday,0,0.08333333333333333,0.16129032258064516
1/5/2016,B,2,23,0,Tuesday,0,0.08333333333333333,0.16129032258064516
1/5/2016,C,3,23,0,Tuesday,0,0.08333333333333333,0.16129032258064516
1/6/2016,A,3,23,0,Wednesday,0,0.08333333333333333,0.1935483870967742
1/6/2016,B,5,23,0,Wednesday,0,0.08333333333333333,0.1935483870967742
1/6/2016,C,6,23,0,Wednesday,0,0.08333333333333333,0.1935483870967742
1/7/2016,A,6,24,0,Thursday,0,0.08333333333333333,0.22580645161290322
1/7/2016,B,2,24,0,Thursday,0,0.08333333333333333,0.22580645161290322
1/7/2016,C,5,24,0,Thursday,0,0.08333333333333333,0.22580645161290322
1/8/2016,A,7,25,0,Friday,0,0.08333333333333333,0.25806451612903225
1/8/2016,B,2,25,0,Friday,0,0.08333333333333333,0.25806451612903225
1/8/2016,C,1,25,0,Friday,0,0.08333333333333333,0.25806451612903225
1/9/2016,A,8,28,0,Saturday,0,0.08333333333333333,0.2903225806451613
1/9/2016,B,3,28,0,Saturday,0,0.08333333333333333,0.2903225806451613
1/9/2016,C,2,28,0,Saturday,0,0.08333333333333333,0.2903225806451613
1/10/2016,A,6,21,0,Sunday,0,0.08333333333333333,0.3225806451612903
1/10/2016,B,4,21,0,Sunday,0,0.08333333333333333,0.3225806451612903
1/10/2016,C,4,21,0,Sunday,0,0.08333333333333333,0.3225806451612903
1/11/2016,A,5,23,0,Monday,0,0.08333333333333333,0.3548387096774194
1/11/2016,B,2,23,0,Monday,0,0.08333333333333333,0.3548387096774194
1/11/2016,C,1,23,0,Monday,0,0.08333333333333333,0.3548387096774194
1/12/2016,A,9,19,1,Tuesday,0,0.08333333333333333,0.3870967741935484
1/12/2016,B,1,19,1,Tuesday,0,0.08333333333333333,0.3870967741935484
1/12/2016,C,4,19,1,Tuesday,0,0.08333333333333333,0.3870967741935484
1/13/2016,A,5,22,2,Wednesday,0,0.08333333333333333,0.41935483870967744
1/13/2016,B,2,22,2,Wednesday,0,0.08333333333333333,0.41935483870967744
1/13/2016,C,5,22,2,Wednesday,0,0.08333333333333333,0.41935483870967744
1/14/2016,A,7,21,2,Thursday,0,0.08333333333333333,0.45161290322580644
1/14/2016,B,3,21,2,Thursday,0,0.08333333333333333,0.45161290322580644
1/14/2016,C,1,21,2,Thursday,0,0.08333333333333333,0.45161290322580644
1/15/2016,A,4,19,0,Friday,0,0.08333333333333333,0.4838709677419355
1/15/2016,B,1,19,0,Friday,0,0.08333333333333333,0.4838709677419355
1/15/2016,C,1,19,0,Friday,0,0.08333333333333333,0.4838709677419355
1/16/2016,A,4,21,0,Saturday,0,0.08333333333333333,0.5161290322580645
1/16/2016,B,4,21,0,Saturday,0,0.08333333333333333,0.5161290322580645
1/16/2016,C,10,21,0,Saturday,0,0.08333333333333333,0.5161290322580645
1/17/2016,A,2,21,0,Sunday,0,0.08333333333333333,0.5483870967741935
1/17/2016,B,3,21,0,Sunday,0,0.08333333333333333,0.5483870967741935
1/17/2016,C,3,21,0,Sunday,0,0.08333333333333333,0.5483870967741935
1/18/2016,A,6,21,0,Monday,0,0.08333333333333333,0.5806451612903226
1/18/2016,B,1,21,0,Monday,0,0.08333333333333333,0.5806451612903226
1/18/2016,C,4,21,0,Monday,0,0.08333333333333333,0.5806451612903226
1/19/2016,A,4,28,2,Tuesday,0,0.08333333333333333,0.6129032258064516
1/19/2016,B,2,28,2,Tuesday,0,0.08333333333333333,0.6129032258064516
1/19/2016,C,2,28,2,Tuesday,0,0.08333333333333333,0.6129032258064516
1/20/2016,A,5,21,2,Wednesday,0,0.08333333333333333,0.6451612903225806
1/20/2016,B,2,21,2,Wednesday,0,0.08333333333333333,0.6451612903225806
1/20/2016,C,3,21,2,Wednesday,0,0.08333333333333333,0.6451612903225806
1/21/2016,A,3,20,2,Thursday,0,0.08333333333333333,0.6774193548387096
1/21/2016,B,2,20,2,Thursday,0,0.08333333333333333,0.6774193548387096
1/21/2016,C,3,20,2,Thursday,0,0.08333333333333333,0.6774193548387096
1/22/2016,A,7,25,0,Friday,0,0.08333333333333333,0.7096774193548387
1/22/2016,B,5,25,0,Friday,0,0.08333333333333333,0.7096774193548387
1/22/2016,C,3,25,0,Friday,0,0.08333333333333333,0.7096774193548387
1/23/2016,A,5,20,0,Saturday,0,0.08333333333333333,0.7419354838709677
1/23/2016,B,0,20,0,Saturday,0,0.08333333333333333,0.7419354838709677
1/23/2016,C,2,20,0,Saturday,0,0.08333333333333333,0.7419354838709677
1/24/2016,A,10,29,0,Sunday,0,0.08333333333333333,0.7741935483870968
1/24/2016,B,2,29,0,Sunday,0,0.08333333333333333,0.7741935483870968
1/24/2016,C,3,29,0,Sunday,0,0.08333333333333333,0.7741935483870968
1/25/2016,A,7,29,0,Monday,0,0.08333333333333333,0.8064516129032258
1/25/2016,B,1,29,0,Monday,0,0.08333333333333333,0.8064516129032258
1/25/2016,C,4,29,0,Monday,0,0.08333333333333333,0.8064516129032258
1/26/2016,A,8,21,0,Tuesday,0,0.08333333333333333,0.8387096774193549
1/26/2016,B,2,21,0,Tuesday,0,0.08333333333333333,0.8387096774193549
1/26/2016,C,4,21,0,Tuesday,0,0.08333333333333333,0.8387096774193549
1/27/2016,A,2,26,2,Wednesday,0,0.08333333333333333,0.8709677419354839
1/27/2016,B,2,26,2,Wednesday,0,0.08333333333333333,0.8709677419354839
1/27/2016,C,3,26,2,Wednesday,0,0.08333333333333333,0.8709677419354839
1/28/2016,A,7,20,2,Thursday,0,0.08333333333333333,0.9032258064516129
1/28/2016,B,3,20,2,Thursday,0,0.08333333333333333,0.9032258064516129
1/28/2016,C,1,20,2,Thursday,0,0.08333333333333333,0.9032258064516129
1/29/2016,A,4,20,2,Friday,0,0.08333333333333333,0.9354838709677419
1/29/2016,B,4,20,2,Friday,0,0.08333333333333333,0.9354838709677419
1/29/2016,C,1,20,2,Friday,0,0.08333333333333333,0.9354838709677419
1/30/2016,A,10,17,2,Saturday,0,0.08333333333333333,0.967741935483871
1/30/2016,B,3,17,2,Saturday,0,0.08333333333333333,0.967741935483871
1/30/2016,C,4,17,2,Saturday,0,0.08333333333333333,0.967741935483871
1/31/2016,A,6,18,0,Sunday,0,0.08333333333333333,1.0
1/31/2016,B,0,18,0,Sunday,0,0.08333333333333333,1.0
1/31/2016,C,2,18,0,Sunday,0,0.08333333333333333,1.0
2/1/2016,A,5,18,0,Monday,0,0.16666666666666666,0.03225806451612903
2/1/2016,B,3,18,0,Monday,0,0.16666666666666666,0.03225806451612903
2/1/2016,C,3,18,0,Monday,0,0.16666666666666666,0.03225806451612903
2/2/2016,A,10,22,0,Tuesday,0,0.16666666666666666,0.06451612903225806
2/2/2016,B,0,22,0,Tuesday,0,0.16666666666666666,0.06451612903225806
2/2/2016,C,2,22,0,Tuesday,0,0.16666666666666666,0.06451612903225806
2/3/2016,A,7,21,2,Wednesday,0,0.16666666666666666,0.0967741935483871
2/3/2016,B,3,21,2,Wednesday,0,0.16666666666666666,0.0967741935483871
2/3/2016,C,1,21,2,Wednesday,0,0.16666666666666666,0.0967741935483871
2/4/2016,A,4,19,2,Thursday,0,0.16666666666666666,0.12903225806451613
2/4/2016,B,2,19,2,Thursday,0,0.16666666666666666,0.12903225806451613
2/4/2016,C,4,19,2,Thursday,0,0.16666666666666666,0.12903225806451613
2/5/2016,A,3,27,2,Friday,0,0.16666666666666666,0.16129032258064516
2/5/2016,B,2,27,2,Friday,0,0.16666666666666666,0.16129032258064516
2/5/2016,C,3,27,2,Friday,0,0.16666666666666666,0.16129032258064516
2/6/2016,A,5,26,2,Saturday,0,0.16666666666666666,0.1935483870967742
2/6/2016,B,1,26,2,Saturday,0,0.16666666666666666,0.1935483870967742
2/6/2016,C,3,26,2,Saturday,0,0.16666666666666666,0.1935483870967742
2/7/2016,A,6,26,1,Sunday,0,0.16666666666666666,0.22580645161290322
2/7/2016,B,1,26,1,Sunday,0,0.16666666666666666,0.22580645161290322
2/7/2016,C,3,26,1,Sunday,0,0.16666666666666666,0.22580645161290322
2/8/2016,A,6,28,1,Monday,0,0.16666666666666666,0.25806451612903225
2/8/2016,B,4,28,1,Monday,0,0.16666666666666666,0.25806451612903225
2/8/2016,C,5,28,1,Monday,0,0.16666666666666666,0.25806451612903225
2/9/2016,A,2,23,2,Tuesday,0,0.16666666666666666,0.2903225806451613
2/9/2016,B,1,23,2,Tuesday,0,0.16666666666666666,0.2903225806451613
2/9/2016,C,2,23,2,Tuesday,0,0.16666666666666666,0.2903225806451613
2/10/2016,A,3,22,2,Wednesday,0,0.16666666666666666,0.3225806451612903
2/10/2016,B,2,22,2,Wednesday,0,0.16666666666666666,0.3225806451612903
2/10/2016,C,3,22,2,Wednesday,0,0.16666666666666666,0.3225806451612903
2/11/2016,A,11,23,2,Thursday,0,0.16666666666666666,0.3548387096774194
2/11/2016,B,4,23,2,Thursday,0,0.16666666666666666,0.3548387096774194
2/11/2016,C,3,23,2,Thursday,0,0.16666666666666666,0.3548387096774194
2/12/2016,A,6,21,0,Friday,0,0.16666666666666666,0.3870967741935484
2/12/2016,B,3,21,0,Friday,0,0.16666666666666666,0.3870967741935484
2/12/2016,C,3,21,0,Friday,0,0.16666666666666666,0.3870967741935484
2/13/2016,A,6,19,0,Saturday,0,0.16666666666666666,0.41935483870967744
2/13/2016,B,3,19,0,Saturday,0,0.16666666666666666,0.41935483870967744
2/13/2016,C,3,19,0,Saturday,0,0.16666666666666666,0.41935483870967744
2/14/2016,A,5,24,0,Sunday,0,0.16666666666666666,0.45161290322580644
2/14/2016,B,4,24,0,Sunday,0,0.16666666666666666,0.45161290322580644
2/14/2016,C,4,24,0,Sunday,0,0.16666666666666666,0.45161290322580644
2/15/2016,A,6,24,0,Monday,0,0.16666666666666666,0.4838709677419355
2/15/2016,B,3,24,0,Monday,0,0.16666666666666666,0.4838709677419355
2/15/2016,C,6,24,0,Monday,0,0.16666666666666666,0.4838709677419355
2/16/2016,A,5,23,2,Tuesday,0,0.16666666666666666,0.5161290322580645
2/16/2016,B,6,23,2,Tuesday,0,0.16666666666666666,0.5161290322580645
2/16/2016,C,2,23,2,Tuesday,0,0.16666666666666666,0.5161290322580645
2/17/2016,A,5,24,2,Wednesday,0,0.16666666666666666,0.5483870967741935
2/17/2016,B,1,24,2,Wednesday,0,0.16666666666666666,0.5483870967741935
2/17/2016,C,5,24,2,Wednesday,0,0.16666666666666666,0.5483870967741935
2/18/2016,A,2,25,2,Thursday,0,0.16666666666666666,0.5806451612903226
2/18/2016,B,5,25,2,Thursday,0,0.16666666666666666,0.5806451612903226
2/18/2016,C,2,25,2,Thursday,0,0.16666666666666666,0.5806451612903226
2/19/2016,A,8,25,2,Friday,0,0.16666666666666666,0.6129032258064516
2/19/2016,B,7,25,2,Friday,0,0.16666666666666666,0.6129032258064516
2/19/2016,C,3,25,2,Friday,0,0.16666666666666666,0.6129032258064516
2/20/2016,A,8,20,2,Saturday,0,0.16666666666666666,0.6451612903225806
2/20/2016,B,3,20,2,Saturday,0,0.16666666666666666,0.6451612903225806
2/20/2016,C,1,20,2,Saturday,0,0.16666666666666666,0.6451612903225806
2/21/2016,A,9,29,0,Sunday,0,0.16666666666666666,0.6774193548387096
2/21/2016,B,4,29,0,Sunday,0,0.16666666666666666,0.6774193548387096
2/21/2016,C,3,29,0,Sunday,0,0.16666666666666666,0.6774193548387096
2/22/2016,A,5,33,0,Monday,0,0.16666666666666666,0.7096774193548387
2/22/2016,B,2,33,0,Monday,0,0.16666666666666666,0.7096774193548387
2/22/2016,C,0,33,0,Monday,0,0.16666666666666666,0.7096774193548387
2/23/2016,A,7,33,0,Tuesday,0,0.16666666666666666,0.7419354838709677
2/23/2016,B,1,33,0,Tuesday,0,0.16666666666666666,0.7419354838709677
2/23/2016,C,6,33,0,Tuesday,0,0.16666666666666666,0.7419354838709677
2/24/2016,A,9,33,2,Wednesday,0,0.16666666666666666,0.7741935483870968
2/24/2016,B,1,33,2,Wednesday,0,0.16666666666666666,0.7741935483870968
2/24/2016,C,3,33,2,Wednesday,0,0.16666666666666666,0.7741935483870968
2/25/2016,A,5,22,2,Thursday,0,0.16666666666666666,0.8064516129032258
2/25/2016,B,2,22,2,Thursday,0,0.16666666666666666,0.8064516129032258
2/25/2016,C,1,22,2,Thursday,0,0.16666666666666666,0.8064516129032258
2/26/2016,A,8,26,2,Friday,0,0.16666666666666666,0.8387096774193549
2/26/2016,B,2,26,2,Friday,0,0.16666666666666666,0.8387096774193549
2/26/2016,C,3,26,2,Friday,0,0.16666666666666666,0.8387096774193549
2/27/2016,A,7,24,2,Saturday,0,0.16666666666666666,0.8709677419354839
2/27/2016,B,4,24,2,Saturday,0,0.16666666666666666,0.8709677419354839
2/27/2016,C,6,24,2,Saturday,0,0.16666666666666666,0.8709677419354839
2/28/2016,A,6,33,0,Sunday,0,0.16666666666666666,0.9032258064516129
2/28/2016,B,0,33,0,Sunday,0,0.16666666666666666,0.9032258064516129
2/28/2016,C,2,33,0,Sunday,0,0.16666666666666666,0.9032258064516129
2/29/2016,A,5,23,0,Monday,0,0.16666666666666666,0.9354838709677419
2/29/2016,B,0,23,0,Monday,0,0.16666666666666666,0.9354838709677419
2/29/2016,C,7,23,0,Monday,0,0.16666666666666666,0.9354838709677419
3/1/2016,A,4,26,0,Tuesday,0,0.25,0.03225806451612903
3/1/2016,B,5,26,0,Tuesday,0,0.25,0.03225806451612903
3/1/2016,C,4,26,0,Tuesday,0,0.25,0.03225806451612903
3/2/2016,A,7,27,0,Wednesday,0,0.25,0.06451612903225806
3/2/2016,B,2,27,0,Wednesday,0,0.25,0.06451612903225806
3/2/2016,C,4,27,0,Wednesday,0,0.25,0.06451612903225806
3/3/2016,A,8,28,0,Thursday,0,0.25,0.0967741935483871
3/3/2016,B,0,28,0,Thursday,0,0.25,0.0967741935483871
3/3/2016,C,6,28,0,Thursday,0,0.25,0.0967741935483871
3/4/2016,A,6,23,0,Friday,0,0.25,0.12903225806451613
3/4/2016,B,3,23,0,Friday,0,0.25,0.12903225806451613
3/4/2016,C,5,23,0,Friday,0,0.25,0.12903225806451613
3/5/2016,A,3,25,2,Saturday,0,0.25,0.16129032258064516
3/5/2016,B,3,25,2,Saturday,0,0.25,0.16129032258064516
3/5/2016,C,3,25,2,Saturday,0,0.25,0.16129032258064516
3/6/2016,A,7,32,2,Sunday,0,0.25,0.1935483870967742
3/6/2016,B,5,32,2,Sunday,0,0.25,0.1935483870967742
3/6/2016,C,1,32,2,Sunday,0,0.25,0.1935483870967742
3/7/2016,A,5,26,2,Monday,0,0.25,0.22580645161290322
3/7/2016,B,2,26,2,Monday,0,0.25,0.22580645161290322
3/7/2016,C,6,26,2,Monday,0,0.25,0.22580645161290322
3/8/2016,A,12,27,0,Tuesday,0,0.25,0.25806451612903225
3/8/2016,B,4,27,0,Tuesday,0,0.25,0.25806451612903225
3/8/2016,C,1,27,0,Tuesday,0,0.25,0.25806451612903225
3/9/2016,A,7,24,2,Wednesday,0,0.25,0.2903225806451613
3/9/2016,B,2,24,2,Wednesday,0,0.25,0.2903225806451613
3/9/2016,C,4,24,2,Wednesday,0,0.25,0.2903225806451613
3/10/2016,A,4,27,2,Thursday,0,0.25,0.3225806451612903
3/10/2016,B,0,27,2,Thursday,0,0.25,0.3225806451612903
3/10/2016,C,1,27,2,Thursday,0,0.25,0.3225806451612903
3/11/2016,A,4,23,2,Friday,0,0.25,0.3548387096774194
3/11/2016,B,4,23,2,Friday,0,0.25,0.3548387096774194
3/11/2016,C,0,23,2,Friday,0,0.25,0.3548387096774194
3/12/2016,A,7,33,2,Saturday,0,0.25,0.3870967741935484
3/12/2016,B,5,33,2,Saturday,0,0.25,0.3870967741935484
3/12/2016,C,3,33,2,Saturday,0,0.25,0.3870967741935484
3/13/2016,A,7,34,2,Sunday,0,0.25,0.41935483870967744
3/13/2016,B,1,34,2,Sunday,0,0.25,0.41935483870967744
3/13/2016,C,2,34,2,Sunday,0,0.25,0.41935483870967744
3/14/2016,A,4,31,1,Monday,0,0.25,0.45161290322580644
3/14/2016,B,7,31,1,Monday,0,0.25,0.45161290322580644
3/14/2016,C,1,31,1,Monday,0,0.25,0.45161290322580644
3/15/2016,A,11,26,0,Tuesday,0,0.25,0.4838709677419355
3/15/2016,B,3,26,0,Tuesday,0,0.25,0.4838709677419355
3/15/2016,C,4,26,0,Tuesday,0,0.25,0.4838709677419355
3/16/2016,A,4,31,2,Wednesday,0,0.25,0.5161290322580645
3/16/2016,B,4,31,2,Wednesday,0,0.25,0.5161290322580645
3/16/2016,C,2,31,2,Wednesday,0,0.25,0.5161290322580645
3/17/2016,A,2,29,2,Thursday,0,0.25,0.5483870967741935
3/17/2016,B,1,29,2,Thursday,0,0.25,0.5483870967741935
3/17/2016,C,5,29,2,Thursday,0,0.25,0.5483870967741935
3/18/2016,A,3,24,2,Friday,0,0.25,0.5806451612903226
3/18/2016,B,7,24,2,Friday,0,0.25,0.5806451612903226
3/18/2016,C,3,24,2,Friday,0,0.25,0.5806451612903226
3/19/2016,A,2,26,0,Saturday,0,0.25,0.6129032258064516
3/19/2016,B,3,26,0,Saturday,0,0.25,0.6129032258064516
3/19/2016,C,1,26,0,Saturday,0,0.25,0.6129032258064516
3/20/2016,A,4,23,0,Sunday,0,0.25,0.6451612903225806
3/20/2016,B,0,23,0,Sunday,0,0.25,0.6451612903225806
3/20/2016,C,4,23,0,Sunday,0,0.25,0.6451612903225806
3/21/2016,A,2,30,0,Monday,0,0.25,0.6774193548387096
3/21/2016,B,3,30,0,Monday,0,0.25,0.6774193548387096
3/21/2016,C,1,30,0,Monday,0,0.25,0.6774193548387096
3/22/2016,A,5,29,0,Tuesday,0,0.25,0.7096774193548387
3/22/2016,B,0,29,0,Tuesday,0,0.25,0.7096774193548387
3/22/2016,C,3,29,0,Tuesday,0,0.25,0.7096774193548387
3/23/2016,A,9,27,0,Wednesday,0,0.25,0.7419354838709677
3/23/2016,B,4,27,0,Wednesday,0,0.25,0.7419354838709677
3/23/2016,C,4,27,0,Wednesday,0,0.25,0.7419354838709677
3/24/2016,A,5,22,2,Thursday,0,0.25,0.7741935483870968
3/24/2016,B,3,22,2,Thursday,0,0.25,0.7741935483870968
3/24/2016,C,3,22,2,Thursday,0,0.25,0.7741935483870968
3/25/2016,A,7,27,2,Friday,0,0.25,0.8064516129032258
3/25/2016,B,4,27,2,Friday,0,0.25,0.8064516129032258
3/25/2016,C,3,27,2,Friday,0,0.25,0.8064516129032258
3/26/2016,A,6,32,2,Saturday,0,0.25,0.8387096774193549
3/26/2016,B,1,32,2,Saturday,0,0.25,0.8387096774193549
3/26/2016,C,3,32,2,Saturday,0,0.25,0.8387096774193549
3/27/2016,A,5,34,0,Sunday,0,0.25,0.8709677419354839
3/27/2016,B,6,34,0,Sunday,0,0.25,0.8709677419354839
3/27/2016,C,3,34,0,Sunday,0,0.25,0.8709677419354839
3/28/2016,A,5,36,0,Monday,0,0.25,0.9032258064516129
3/28/2016,B,3,36,0,Monday,0,0.25,0.9032258064516129
3/28/2016,C,1,36,0,Monday,0,0.25,0.9032258064516129
3/29/2016,A,7,38,0,Tuesday,0,0.25,0.9354838709677419
3/29/2016,B,1,38,0,Tuesday,0,0.25,0.9354838709677419
3/29/2016,C,3,38,0,Tuesday,0,0.25,0.9354838709677419
3/30/2016,A,5,36,0,Wednesday,0,0.25,0.967741935483871
3/30/2016,B,1,36,0,Wednesday,0,0.25,0.967741935483871
3/30/2016,C,2,36,0,Wednesday,0,0.25,0.967741935483871
3/31/2016,A,5,24,2,Thursday,0,0.25,1.0
3/31/2016,B,4,24,2,Thursday,0,0.25,1.0
3/31/2016,C,2,24,2,Thursday,0,0.25,1.0
4/1/2016,A,5,20,2,Friday,0,0.3333333333333333,0.03225806451612903
4/1/2016,B,1,20,2,Friday,0,0.3333333333333333,0.03225806451612903
4/1/2016,C,2,20,2,Friday,0,0.3333333333333333,0.03225806451612903
4/2/2016,A,5,22,2,Saturday,0,0.3333333333333333,0.06451612903225806
4/2/2016,B,2,22,2,Saturday,0,0.3333333333333333,0.06451612903225806
4/2/2016,C,6,22,2,Saturday,0,0.3333333333333333,0.06451612903225806
4/3/2016,A,2,21,0,Sunday,0,0.3333333333333333,0.0967741935483871
4/3/2016,B,1,21,0,Sunday,0,0.3333333333333333,0.0967741935483871
4/3/2016,C,1,21,0,Sunday,0,0.3333333333333333,0.0967741935483871
4/4/2016,A,8,21,0,Monday,0,0.3333333333333333,0.12903225806451613
4/4/2016,B,2,21,0,Monday,0,0.3333333333333333,0.12903225806451613
4/4/2016,C,4,21,0,Monday,0,0.3333333333333333,0.12903225806451613
4/5/2016,A,9,27,0,Tuesday,0,0.3333333333333333,0.16129032258064516
4/5/2016,B,4,27,0,Tuesday,0,0.3333333333333333,0.16129032258064516
4/5/2016,C,2,27,0,Tuesday,0,0.3333333333333333,0.16129032258064516
4/6/2016,A,8,33,2,Wednesday,0,0.3333333333333333,0.1935483870967742
4/6/2016,B,0,33,2,Wednesday,0,0.3333333333333333,0.1935483870967742
4/6/2016,C,9,33,2,Wednesday,0,0.3333333333333333,0.1935483870967742
4/7/2016,A,4,27,2,Thursday,0,0.3333333333333333,0.22580645161290322
4/7/2016,B,3,27,2,Thursday,0,0.3333333333333333,0.22580645161290322
4/7/2016,C,2,27,2,Thursday,0,0.3333333333333333,0.22580645161290322
4/8/2016,A,3,27,2,Friday,0,0.3333333333333333,0.25806451612903225
4/8/2016,B,4,27,2,Friday,0,0.3333333333333333,0.25806451612903225
4/8/2016,C,4,27,2,Friday,0,0.3333333333333333,0.25806451612903225
4/9/2016,A,5,26,1,Saturday,0,0.3333333333333333,0.2903225806451613
4/9/2016,B,1,26,1,Saturday,0,0.3333333333333333,0.2903225806451613
4/9/2016,C,4,26,1,Saturday,0,0.3333333333333333,0.2903225806451613
4/10/2016,A,7,26,1,Sunday,0,0.3333333333333333,0.3225806451612903
4/10/2016,B,5,26,1,Sunday,0,0.3333333333333333,0.3225806451612903
4/10/2016,C,6,26,1,Sunday,0,0.3333333333333333,0.3225806451612903
4/11/2016,A,7,35,1,Monday,0,0.3333333333333333,0.3548387096774194
4/11/2016,B,2,35,1,Monday,0,0.3333333333333333,0.3548387096774194
4/11/2016,C,4,35,1,Monday,0,0.3333333333333333,0.3548387096774194
4/12/2016,A,7,38,0,Tuesday,0,0.3333333333333333,0.3870967741935484
4/12/2016,B,3,38,0,Tuesday,0,0.3333333333333333,0.3870967741935484
4/12/2016,C,1,38,0,Tuesday,0,0.3333333333333333,0.3870967741935484
4/13/2016,A,6,27,2,Wednesday,0,0.3333333333333333,0.41935483870967744
4/13/2016,B,2,27,2,Wednesday,0,0.3333333333333333,0.41935483870967744
4/13/2016,C,2,27,2,Wednesday,0,0.3333333333333333,0.41935483870967744
4/14/2016,A,7,34,2,Thursday,0,0.3333333333333333,0.45161290322580644
4/14/2016,B,2,34,2,Thursday,0,0.3333333333333333,0.45161290322580644
4/14/2016,C,5,34,2,Thursday,0,0.3333333333333333,0.45161290322580644
4/15/2016,A,6,34,0,Friday,0,0.3333333333333333,0.4838709677419355
4/15/2016,B,4,34,0,Friday,0,0.3333333333333333,0.4838709677419355
4/15/2016,C,2,34,0,Friday,0,0.3333333333333333,0.4838709677419355
4/16/2016,A,6,31,0,Saturday,0,0.3333333333333333,0.5161290322580645
4/16/2016,B,3,31,0,Saturday,0,0.3333333333333333,0.5161290322580645
4/16/2016,C,2,31,0,Saturday,0,0.3333333333333333,0.5161290322580645
4/17/2016,A,7,28,0,Sunday,0,0.3333333333333333,0.5483870967741935
4/17/2016,B,1,28,0,Sunday,0,0.3333333333333333,0.5483870967741935
4/17/2016,C,2,28,0,Sunday,0,0.3333333333333333,0.5483870967741935
4/18/2016,A,6,26,0,Monday,0,0.3333333333333333,0.5806451612903226
4/18/2016,B,1,26,0,Monday,0,0.3333333333333333,0.5806451612903226
4/18/2016,C,4,26,0,Monday,0,0.3333333333333333,0.5806451612903226
4/19/2016,A,4,26,2,Tuesday,0,0.3333333333333333,0.6129032258064516
4/19/2016,B,5,26,2,Tuesday,0,0.3333333333333333,0.6129032258064516
4/19/2016,C,4,26,2,Tuesday,0,0.3333333333333333,0.6129032258064516
4/20/2016,A,2,32,2,Wednesday,0,0.3333333333333333,0.6451612903225806
4/20/2016,B,0,32,2,Wednesday,0,0.3333333333333333,0.6451612903225806
4/20/2016,C,4,32,2,Wednesday,0,0.3333333333333333,0.6451612903225806
4/21/2016,A,6,32,2,Thursday,0,0.3333333333333333,0.6774193548387096
4/21/2016,B,2,32,2,Thursday,0,0.3333333333333333,0.6774193548387096
4/21/2016,C,5,32,2,Thursday,0,0.3333333333333333,0.6774193548387096
4/22/2016,A,6,26,2,Friday,0,0.3333333333333333,0.7096774193548387
4/22/2016,B,1,26,2,Friday,0,0.3333333333333333,0.7096774193548387
4/22/2016,C,3,26,2,Friday,0,0.3333333333333333,0.7096774193548387
4/23/2016,A,5,34,0,Saturday,0,0.3333333333333333,0.7419354838709677
4/23/2016,B,3,34,0,Saturday,0,0.3333333333333333,0.7419354838709677
4/23/2016,C,4,34,0,Saturday,0,0.3333333333333333,0.7419354838709677
4/24/2016,A,4,28,1,Sunday,0,0.3333333333333333,0.7741935483870968
4/24/2016,B,1,28,1,Sunday,0,0.3333333333333333,0.7741935483870968
4/24/2016,C,1,28,1,Sunday,0,0.3333333333333333,0.7741935483870968
4/25/2016,A,2,35,1,Monday,0,0.3333333333333333,0.8064516129032258
4/25/2016,B,4,35,1,Monday,0,0.3333333333333333,0.8064516129032258
4/25/2016,C,3,35,1,Monday,0,0.3333333333333333,0.8064516129032258
4/26/2016,A,7,37,1,Tuesday,0,0.3333333333333333,0.8387096774193549
4/26/2016,B,3,37,1,Tuesday,0,0.3333333333333333,0.8387096774193549
4/26/2016,C,4,37,1,Tuesday,0,0.3333333333333333,0.8387096774193549
4/27/2016,A,7,28,0,Wednesday,0,0.3333333333333333,0.8709677419354839
4/27/2016,B,4,28,0,Wednesday,0,0.3333333333333333,0.8709677419354839
4/27/2016,C,4,28,0,Wednesday,0,0.3333333333333333,0.8709677419354839
4/28/2016,A,6,42,0,Thursday,0,0.3333333333333333,0.9032258064516129
4/28/2016,B,4,42,0,Thursday,0,0.3333333333333333,0.9032258064516129
4/28/2016,C,3,42,0,Thursday,0,0.3333333333333333,0.9032258064516129
4/29/2016,A,5,33,0,Friday,0,0.3333333333333333,0.9354838709677419
4/29/2016,B,3,33,0,Friday,0,0.3333333333333333,0.9354838709677419
4/29/2016,C,7,33,0,Friday,0,0.3333333333333333,0.9354838709677419
4/30/2016,A,3,30,2,Saturday,0,0.3333333333333333,0.967741935483871
4/30/2016,B,0,30,2,Saturday,0,0.3333333333333333,0.967741935483871
4/30/2016,C,3,30,2,Saturday,0,0.3333333333333333,0.967741935483871
5/1/2016,A,5,31,2,Sunday,0,0.4166666666666667,0.03225806451612903
5/1/2016,B,3,31,2,Sunday,0,0.4166666666666667,0.03225806451612903
5/1/2016,C,4,31,2,Sunday,0,0.4166666666666667,0.03225806451612903
5/2/2016,A,6,32,2,Monday,0,0.4166666666666667,0.06451612903225806
5/2/2016,B,4,32,2,Monday,0,0.4166666666666667,0.06451612903225806
5/2/2016,C,2,32,2,Monday,0,0.4166666666666667,0.06451612903225806
5/3/2016,A,3,36,0,Tuesday,0,0.4166666666666667,0.0967741935483871
5/3/2016,B,2,36,0,Tuesday,0,0.4166666666666667,0.0967741935483871
5/3/2016,C,5,36,0,Tuesday,0,0.4166666666666667,0.0967741935483871
5/4/2016,A,8,32,0,Wednesday,0,0.4166666666666667,0.12903225806451613
5/4/2016,B,3,32,0,Wednesday,0,0.4166666666666667,0.12903225806451613
5/4/2016,C,2,32,0,Wednesday,0,0.4166666666666667,0.12903225806451613
5/5/2016,A,7,39,0,Thursday,0,0.4166666666666667,0.16129032258064516
5/5/2016,B,2,39,0,Thursday,0,0.4166666666666667,0.16129032258064516
5/5/2016,C,4,39,0,Thursday,0,0.4166666666666667,0.16129032258064516
5/6/2016,A,8,44,0,Friday,0,0.4166666666666667,0.1935483870967742
5/6/2016,B,1,44,0,Friday,0,0.4166666666666667,0.1935483870967742
5/6/2016,C,3,44,0,Friday,0,0.4166666666666667,0.1935483870967742
5/7/2016,A,4,43,0,Saturday,0,0.4166666666666667,0.22580645161290322
5/7/2016,B,4,43,0,Saturday,0,0.4166666666666667,0.22580645161290322
5/7/2016,C,5,43,0,Saturday,0,0.4166666666666667,0.22580645161290322
5/8/2016,A,3,39,0,Sunday,0,0.4166666666666667,0.25806451612903225
5/8/2016,B,5,39,0,Sunday,0,0.4166666666666667,0.25806451612903225
5/8/2016,C,6,39,0,Sunday,0,0.4166666666666667,0.25806451612903225
5/9/2016,A,6,39,0,Monday,0,0.4166666666666667,0.2903225806451613
5/9/2016,B,0,39,0,Monday,0,0.4166666666666667,0.2903225806451613
5/9/2016,C,5,39,0,Monday,0,0.4166666666666667,0.2903225806451613
5/10/2016,A,7,32,0,Tuesday,0,0.4166666666666667,0.3225806451612903
5/10/2016,B,4,32,0,Tuesday,0,0.4166666666666667,0.3225806451612903
5/10/2016,C,3,32,0,Tuesday,0,0.4166666666666667,0.3225806451612903
5/11/2016,A,7,33,0,Wednesday,0,0.4166666666666667,0.3548387096774194
5/11/2016,B,4,33,0,Wednesday,0,0.4166666666666667,0.3548387096774194
5/11/2016,C,4,33,0,Wednesday,0,0.4166666666666667,0.3548387096774194
5/12/2016,A,7,42,0,Thursday,0,0.4166666666666667,0.3870967741935484
5/12/2016,B,0,42,0,Thursday,0,0.4166666666666667,0.3870967741935484
5/12/2016,C,3,42,0,Thursday,0,0.4166666666666667,0.3870967741935484
5/13/2016,A,4,35,0,Friday,0,0.4166666666666667,0.41935483870967744
5/13/2016,B,1,35,0,Friday,0,0.4166666666666667,0.41935483870967744
5/13/2016,C,2,35,0,Friday,0,0.4166666666666667,0.41935483870967744
5/14/2016,A,6,31,0,Saturday,0,0.4166666666666667,0.45161290322580644
5/14/2016,B,2,31,0,Saturday,0,0.4166666666666667,0.45161290322580644
5/14/2016,C,3,31,0,Saturday,0,0.4166666666666667,0.45161290322580644
5/15/2016,A,3,35,0,Sunday,0,0.4166666666666667,0.4838709677419355
5/15/2016,B,5,35,0,Sunday,0,0.4166666666666667,0.4838709677419355
5/15/2016,C,1,35,0,Sunday,0,0.4166666666666667,0.4838709677419355
5/16/2016,A,1,41,0,Monday,0,0.4166666666666667,0.5161290322580645
5/16/2016,B,2,41,0,Monday,0,0.4166666666666667,0.5161290322580645
5/16/2016,C,3,41,0,Monday,0,0.4166666666666667,0.5161290322580645
5/17/2016,A,7,44,0,Tuesday,0,0.4166666666666667,0.5483870967741935
5/17/2016,B,3,44,0,Tuesday,0,0.4166666666666667,0.5483870967741935
5/17/2016,C,4,44,0,Tuesday,0,0.4166666666666667,0.5483870967741935
5/18/2016,A,9,34,0,Wednesday,0,0.4166666666666667,0.5806451612903226
5/18/2016,B,0,34,0,Wednesday,0,0.4166666666666667,0.5806451612903226
5/18/2016,C,6,34,0,Wednesday,0,0.4166666666666667,0.5806451612903226
5/19/2016,A,4,44,0,Thursday,0,0.4166666666666667,0.6129032258064516
5/19/2016,B,4,44,0,Thursday,0,0.4166666666666667,0.6129032258064516
5/19/2016,C,5,44,0,Thursday,0,0.4166666666666667,0.6129032258064516
5/20/2016,A,3,42,0,Friday,0,0.4166666666666667,0.6451612903225806
5/20/2016,B,2,42,0,Friday,0,0.4166666666666667,0.6451612903225806
5/20/2016,C,1,42,0,Friday,0,0.4166666666666667,0.6451612903225806
5/21/2016,A,4,37,0,Saturday,0,0.4166666666666667,0.6774193548387096
5/21/2016,B,2,37,0,Saturday,0,0.4166666666666667,0.6774193548387096
5/21/2016,C,3,37,0,Saturday,0,0.4166666666666667,0.6774193548387096
5/22/2016,A,7,36,0,Sunday,0,0.4166666666666667,0.7096774193548387
5/22/2016,B,4,36,0,Sunday,0,0.4166666666666667,0.7096774193548387
5/22/2016,C,4,36,0,Sunday,0,0.4166666666666667,0.7096774193548387
5/23/2016,A,4,36,0,Monday,0,0.4166666666666667,0.7419354838709677
5/23/2016,B,5,36,0,Monday,0,0.4166666666666667,0.7419354838709677
5/23/2016,C,7,36,0,Monday,0,0.4166666666666667,0.7419354838709677
5/24/2016,A,5,34,1,Tuesday,0,0.4166666666666667,0.7741935483870968
5/24/2016,B,5,34,1,Tuesday,0,0.4166666666666667,0.7741935483870968
5/24/2016,C,4,34,1,Tuesday,0,0.4166666666666667,0.7741935483870968
5/25/2016,A,4,37,1,Wednesday,0,0.4166666666666667,0.8064516129032258
5/25/2016,B,5,37,1,Wednesday,0,0.4166666666666667,0.8064516129032258
5/25/2016,C,3,37,1,Wednesday,0,0.4166666666666667,0.8064516129032258
5/26/2016,A,4,34,1,Thursday,0,0.4166666666666667,0.8387096774193549
5/26/2016,B,3,34,1,Thursday,0,0.4166666666666667,0.8387096774193549
5/26/2016,C,2,34,1,Thursday,0,0.4166666666666667,0.8387096774193549
5/27/2016,A,8,34,0,Friday,0,0.4166666666666667,0.8709677419354839
5/27/2016,B,1,34,0,Friday,0,0.4166666666666667,0.8709677419354839
5/27/2016,C,5,34,0,Friday,0,0.4166666666666667,0.8709677419354839
5/28/2016,A,9,31,0,Saturday,0,0.4166666666666667,0.9032258064516129
5/28/2016,B,1,31,0,Saturday,0,0.4166666666666667,0.9032258064516129
5/28/2016,C,1,31,0,Saturday,0,0.4166666666666667,0.9032258064516129
5/29/2016,A,5,40,0,Sunday,0,0.4166666666666667,0.9354838709677419
5/29/2016,B,3,40,0,Sunday,0,0.4166666666666667,0.9354838709677419
5/29/2016,C,0,40,0,Sunday,0,0.4166666666666667,0.9354838709677419
5/30/2016,A,5,42,0,Monday,0,0.4166666666666667,0.967741935483871
5/30/2016,B,0,42,0,Monday,0,0.4166666666666667,0.967741935483871
5/30/2016,C,5,42,0,Monday,0,0.4166666666666667,0.967741935483871
5/31/2016,A,6,40,2,Tuesday,0,0.4166666666666667,1.0
5/31/2016,B,5,40,2,Tuesday,0,0.4166666666666667,1.0
5/31/2016,C,5,40,2,Tuesday,0,0.4166666666666667,1.0
6/1/2016,A,7,32,2,Wednesday,0,0.5,0.03225806451612903
6/1/2016,B,4,32,2,Wednesday,0,0.5,0.03225806451612903
6/1/2016,C,4,32,2,Wednesday,0,0.5,0.03225806451612903
6/2/2016,A,7,33,2,Thursday,0,0.5,0.06451612903225806
6/2/2016,B,1,33,2,Thursday,0,0.5,0.06451612903225806
6/2/2016,C,3,33,2,Thursday,0,0.5,0.06451612903225806
6/3/2016,A,5,36,2,Friday,0,0.5,0.0967741935483871
6/3/2016,B,2,36,2,Friday,0,0.5,0.0967741935483871
6/3/2016,C,6,36,2,Friday,0,0.5,0.0967741935483871
6/4/2016,A,10,30,2,Saturday,0,0.5,0.12903225806451613
6/4/2016,B,2,30,2,Saturday,0,0.5,0.12903225806451613
6/4/2016,C,4,30,2,Saturday,0,0.5,0.12903225806451613
6/5/2016,A,4,40,2,Sunday,0,0.5,0.16129032258064516
6/5/2016,B,2,40,2,Sunday,0,0.5,0.16129032258064516
6/5/2016,C,4,40,2,Sunday,0,0.5,0.16129032258064516
6/6/2016,A,9,43,0,Monday,0,0.5,0.1935483870967742
6/6/2016,B,5,43,0,Monday,0,0.5,0.1935483870967742
6/6/2016,C,5,43,0,Monday,0,0.5,0.1935483870967742
6/7/2016,A,3,43,1,Tuesday,0,0.5,0.22580645161290322
6/7/2016,B,4,43,1,Tuesday,0,0.5,0.22580645161290322
6/7/2016,C,3,43,1,Tuesday,0,0.5,0.22580645161290322
6/8/2016,A,7,41,1,Wednesday,0,0.5,0.25806451612903225
6/8/2016,B,2,41,1,Wednesday,0,0.5,0.25806451612903225
6/8/2016,C,3,41,1,Wednesday,0,0.5,0.25806451612903225
6/9/2016,A,8,39,1,Thursday,0,0.5,0.2903225806451613
6/9/2016,B,3,39,1,Thursday,0,0.5,0.2903225806451613
6/9/2016,C,2,39,1,Thursday,0,0.5,0.2903225806451613
6/10/2016,A,7,42,2,Friday,0,0.5,0.3225806451612903
6/10/2016,B,1,42,2,Friday,0,0.5,0.3225806451612903
6/10/2016,C,3,42,2,Friday,0,0.5,0.3225806451612903
6/11/2016,A,3,46,2,Saturday,0,0.5,0.3548387096774194
6/11/2016,B,3,46,2,Saturday,0,0.5,0.3548387096774194
6/11/2016,C,8,46,2,Saturday,0,0.5,0.3548387096774194
6/12/2016,A,5,42,0,Sunday,0,0.5,0.3870967741935484
6/12/2016,B,2,42,0,Sunday,0,0.5,0.3870967741935484
6/12/2016,C,4,42,0,Sunday,0,0.5,0.3870967741935484
6/13/2016,A,5,39,0,Monday,0,0.5,0.41935483870967744
6/13/2016,B,4,39,0,Monday,0,0.5,0.41935483870967744
6/13/2016,C,2,39,0,Monday,0,0.5,0.41935483870967744
6/14/2016,A,4,31,0,Tuesday,0,0.5,0.45161290322580644
6/14/2016,B,1,31,0,Tuesday,0,0.5,0.45161290322580644
6/14/2016,C,3,31,0,Tuesday,0,0.5,0.45161290322580644
6/15/2016,A,7,37,0,Wednesday,0,0.5,0.4838709677419355
6/15/2016,B,2,37,0,Wednesday,0,0.5,0.4838709677419355
6/15/2016,C,4,37,0,Wednesday,0,0.5,0.4838709677419355
6/16/2016,A,6,32,0,Thursday,0,0.5,0.5161290322580645
6/16/2016,B,3,32,0,Thursday,0,0.5,0.5161290322580645
6/16/2016,C,5,32,0,Thursday,0,0.5,0.5161290322580645
6/17/2016,A,5,32,1,Friday,0,0.5,0.5483870967741935
6/17/2016,B,6,32,1,Friday,0,0.5,0.5483870967741935
6/17/2016,C,2,32,1,Friday,0,0.5,0.5483870967741935
6/18/2016,A,4,43,1,Saturday,0,0.5,0.5806451612903226
6/18/2016,B,7,43,1,Saturday,0,0.5,0.5806451612903226
6/18/2016,C,5,43,1,Saturday,0,0.5,0.5806451612903226
6/19/2016,A,4,45,1,Sunday,0,0.5,0.6129032258064516
6/19/2016,B,3,45,1,Sunday,0,0.5,0.6129032258064516
6/19/2016,C,5,45,1,Sunday,0,0.5,0.6129032258064516
6/20/2016,A,3,42,1,Monday,0,0.5,0.6451612903225806
6/20/2016,B,3,42,1,Monday,0,0.5,0.6451612903225806
6/20/2016,C,3,42,1,Monday,0,0.5,0.6451612903225806
6/21/2016,A,2,34,0,Tuesday,0,0.5,0.6774193548387096
6/21/2016,B,5,34,0,Tuesday,0,0.5,0.6774193548387096
6/21/2016,C,3,34,0,Tuesday,0,0.5,0.6774193548387096
6/22/2016,A,0,44,2,Wednesday,0,0.5,0.7096774193548387
6/22/2016,B,2,44,2,Wednesday,0,0.5,0.7096774193548387
6/22/2016,C,4,44,2,Wednesday,0,0.5,0.7096774193548387
6/23/2016,A,4,35,2,Thursday,0,0.5,0.7419354838709677
6/23/2016,B,1,35,2,Thursday,0,0.5,0.7419354838709677
6/23/2016,C,3,35,2,Thursday,0,0.5,0.7419354838709677
6/24/2016,A,7,36,2,Friday,0,0.5,0.7741935483870968
6/24/2016,B,6,36,2,Friday,0,0.5,0.7741935483870968
6/24/2016,C,1,36,2,Friday,0,0.5,0.7741935483870968
6/25/2016,A,3,35,0,Saturday,0,0.5,0.8064516129032258
6/25/2016,B,4,35,0,Saturday,0,0.5,0.8064516129032258
6/25/2016,C,2,35,0,Saturday,0,0.5,0.8064516129032258
6/26/2016,A,3,47,0,Sunday,0,0.5,0.8387096774193549
6/26/2016,B,4,47,0,Sunday,0,0.5,0.8387096774193549
6/26/2016,C,2,47,0,Sunday,0,0.5,0.8387096774193549
6/27/2016,A,3,45,0,Monday,0,0.5,0.8709677419354839
6/27/2016,B,2,45,0,Monday,0,0.5,0.8709677419354839
6/27/2016,C,3,45,0,Monday,0,0.5,0.8709677419354839
6/28/2016,A,5,41,0,Tuesday,0,0.5,0.9032258064516129
6/28/2016,B,5,41,0,Tuesday,0,0.5,0.9032258064516129
6/28/2016,C,5,41,0,Tuesday,0,0.5,0.9032258064516129
6/29/2016,A,8,35,0,Wednesday,0,0.5,0.9354838709677419
6/29/2016,B,1,35,0,Wednesday,0,0.5,0.9354838709677419
6/29/2016,C,6,35,0,Wednesday,0,0.5,0.9354838709677419
6/30/2016,A,3,45,0,Thursday,0,0.5,0.967741935483871
6/30/2016,B,6,45,0,Thursday,0,0.5,0.967741935483871
6/30/2016,C,2,45,0,Thursday,0,0.5,0.967741935483871
7/1/2016,A,6,41,0,Friday,0,0.5833333333333334,0.03225806451612903
7/1/2016,B,6,41,0,Friday,0,0.5833333333333334,0.03225806451612903
7/1/2016,C,4,41,0,Friday,0,0.5833333333333334,0.03225806451612903
7/2/2016,A,6,40,0,Saturday,0,0.5833333333333334,0.06451612903225806
7/2/2016,B,0,40,0,Saturday,0,0.5833333333333334,0.06451612903225806
7/2/2016,C,4,40,0,Saturday,0,0.5833333333333334,0.06451612903225806
7/3/2016,A,5,44,0,Sunday,0,0.5833333333333334,0.0967741935483871
7/3/2016,B,3,44,0,Sunday,0,0.5833333333333334,0.0967741935483871
7/3/2016,C,2,44,0,Sunday,0,0.5833333333333334,0.0967741935483871
7/4/2016,A,7,35,0,Monday,0,0.5833333333333334,0.12903225806451613
7/4/2016,B,3,35,0,Monday,0,0.5833333333333334,0.12903225806451613
7/4/2016,C,4,35,0,Monday,0,0.5833333333333334,0.12903225806451613
7/5/2016,A,7,42,0,Tuesday,0,0.5833333333333334,0.16129032258064516
7/5/2016,B,4,42,0,Tuesday,0,0.5833333333333334,0.16129032258064516
7/5/2016,C,3,42,0,Tuesday,0,0.5833333333333334,0.16129032258064516
7/6/2016,A,7,42,0,Wednesday,0,0.5833333333333334,0.1935483870967742
7/6/2016,B,2,42,0,Wednesday,0,0.5833333333333334,0.1935483870967742
7/6/2016,C,4,42,0,Wednesday,0,0.5833333333333334,0.1935483870967742
7/7/2016,A,5,35,0,Thursday,0,0.5833333333333334,0.22580645161290322
7/7/2016,B,1,35,0,Thursday,0,0.5833333333333334,0.22580645161290322
7/7/2016,C,1,35,0,Thursday,0,0.5833333333333334,0.22580645161290322
7/8/2016,A,4,42,0,Friday,0,0.5833333333333334,0.25806451612903225
7/8/2016,B,2,42,0,Friday,0,0.5833333333333334,0.25806451612903225
7/8/2016,C,2,42,0,Friday,0,0.5833333333333334,0.25806451612903225
7/9/2016,A,7,41,0,Saturday,0,0.5833333333333334,0.2903225806451613
7/9/2016,B,5,41,0,Saturday,0,0.5833333333333334,0.2903225806451613
7/9/2016,C,1,41,0,Saturday,0,0.5833333333333334,0.2903225806451613
7/10/2016,A,6,41,0,Sunday,0,0.5833333333333334,0.3225806451612903
7/10/2016,B,4,41,0,Sunday,0,0.5833333333333334,0.3225806451612903
7/10/2016,C,3,41,0,Sunday,0,0.5833333333333334,0.3225806451612903
7/11/2016,A,1,33,0,Monday,0,0.5833333333333334,0.3548387096774194
7/11/2016,B,2,33,0,Monday,0,0.5833333333333334,0.3548387096774194
7/11/2016,C,5,33,0,Monday,0,0.5833333333333334,0.3548387096774194
7/12/2016,A,3,34,0,Tuesday,0,0.5833333333333334,0.3870967741935484
7/12/2016,B,2,34,0,Tuesday,0,0.5833333333333334,0.3870967741935484
7/12/2016,C,2,34,0,Tuesday,0,0.5833333333333334,0.3870967741935484
7/13/2016,A,3,38,0,Wednesday,0,0.5833333333333334,0.41935483870967744
7/13/2016,B,1,38,0,Wednesday,0,0.5833333333333334,0.41935483870967744
7/13/2016,C,2,38,0,Wednesday,0,0.5833333333333334,0.41935483870967744
7/14/2016,A,5,41,0,Thursday,0,0.5833333333333334,0.45161290322580644
7/14/2016,B,2,41,0,Thursday,0,0.5833333333333334,0.45161290322580644
7/14/2016,C,3,41,0,Thursday,0,0.5833333333333334,0.45161290322580644
7/15/2016,A,4,36,0,Friday,0,0.5833333333333334,0.4838709677419355
7/15/2016,B,3,36,0,Friday,0,0.5833333333333334,0.4838709677419355
7/15/2016,C,2,36,0,Friday,0,0.5833333333333334,0.4838709677419355
7/16/2016,A,8,43,0,Saturday,0,0.5833333333333334,0.5161290322580645
7/16/2016,B,3,43,0,Saturday,0,0.5833333333333334,0.5161290322580645
7/16/2016,C,8,43,0,Saturday,0,0.5833333333333334,0.5161290322580645
7/17/2016,A,5,39,2,Sunday,0,0.5833333333333334,0.5483870967741935
7/17/2016,B,3,39,2,Sunday,0,0.5833333333333334,0.5483870967741935
7/17/2016,C,3,39,2,Sunday,0,0.5833333333333334,0.5483870967741935
7/18/2016,A,5,41,2,Monday,0,0.5833333333333334,0.5806451612903226
7/18/2016,B,4,41,2,Monday,0,0.5833333333333334,0.5806451612903226
7/18/2016,C,3,41,2,Monday,0,0.5833333333333334,0.5806451612903226
7/19/2016,A,7,40,2,Tuesday,0,0.5833333333333334,0.6129032258064516
7/19/2016,B,4,40,2,Tuesday,0,0.5833333333333334,0.6129032258064516
7/19/2016,C,3,40,2,Tuesday,0,0.5833333333333334,0.6129032258064516
7/20/2016,A,4,44,2,Wednesday,0,0.5833333333333334,0.6451612903225806
7/20/2016,B,2,44,2,Wednesday,0,0.5833333333333334,0.6451612903225806
7/20/2016,C,4,44,2,Wednesday,0,0.5833333333333334,0.6451612903225806
7/21/2016,A,3,39,0,Thursday,0,0.5833333333333334,0.6774193548387096
7/21/2016,B,3,39,0,Thursday,0,0.5833333333333334,0.6774193548387096
7/21/2016,C,5,39,0,Thursday,0,0.5833333333333334,0.6774193548387096
7/22/2016,A,2,36,0,Friday,0,0.5833333333333334,0.7096774193548387
7/22/2016,B,2,36,0,Friday,0,0.5833333333333334,0.7096774193548387
7/22/2016,C,4,36,0,Friday,0,0.5833333333333334,0.7096774193548387
7/23/2016,A,6,47,0,Saturday,0,0.5833333333333334,0.7419354838709677
7/23/2016,B,1,47,0,Saturday,0,0.5833333333333334,0.7419354838709677
7/23/2016,C,3,47,0,Saturday,0,0.5833333333333334,0.7419354838709677
7/24/2016,A,6,48,0,Sunday,0,0.5833333333333334,0.7741935483870968
7/24/2016,B,2,48,0,Sunday,0,0.5833333333333334,0.7741935483870968
7/24/2016,C,2,48,0,Sunday,0,0.5833333333333334,0.7741935483870968
7/25/2016,A,3,45,0,Monday,0,0.5833333333333334,0.8064516129032258
7/25/2016,B,2,45,0,Monday,0,0.5833333333333334,0.8064516129032258
7/25/2016,C,2,45,0,Monday,0,0.5833333333333334,0.8064516129032258
7/26/2016,A,3,36,0,Tuesday,0,0.5833333333333334,0.8387096774193549
7/26/2016,B,1,36,0,Tuesday,0,0.5833333333333334,0.8387096774193549
7/26/2016,C,4,36,0,Tuesday,0,0.5833333333333334,0.8387096774193549
7/27/2016,A,4,42,0,Wednesday,0,0.5833333333333334,0.8709677419354839
7/27/2016,B,5,42,0,Wednesday,0,0.5833333333333334,0.8709677419354839
7/27/2016,C,8,42,0,Wednesday,0,0.5833333333333334,0.8709677419354839
7/28/2016,A,5,34,0,Thursday,0,0.5833333333333334,0.9032258064516129
7/28/2016,B,3,34,0,Thursday,0,0.5833333333333334,0.9032258064516129
7/28/2016,C,3,34,0,Thursday,0,0.5833333333333334,0.9032258064516129
7/29/2016,A,4,42,0,Friday,0,0.5833333333333334,0.9354838709677419
7/29/2016,B,2,42,0,Friday,0,0.5833333333333334,0.9354838709677419
7/29/2016,C,1,42,0,Friday,0,0.5833333333333334,0.9354838709677419
7/30/2016,A,4,42,0,Saturday,0,0.5833333333333334,0.967741935483871
7/30/2016,B,3,42,0,Saturday,0,0.5833333333333334,0.967741935483871
7/30/2016,C,8,42,0,Saturday,0,0.5833333333333334,0.967741935483871
7/31/2016,A,3,46,0,Sunday,0,0.5833333333333334,1.0
7/31/2016,B,1,46,0,Sunday,0,0.5833333333333334,1.0
7/31/2016,C,2,46,0,Sunday,0,0.5833333333333334,1.0
8/1/2016,A,9,43,0,Monday,0,0.6666666666666666,0.03225806451612903
8/1/2016,B,7,43,0,Monday,0,0.6666666666666666,0.03225806451612903
8/1/2016,C,7,43,0,Monday,0,0.6666666666666666,0.03225806451612903
8/2/2016,A,8,42,0,Tuesday,0,0.6666666666666666,0.06451612903225806
8/2/2016,B,0,42,0,Tuesday,0,0.6666666666666666,0.06451612903225806
8/2/2016,C,4,42,0,Tuesday,0,0.6666666666666666,0.06451612903225806
8/3/2016,A,4,43,0,Wednesday,0,0.6666666666666666,0.0967741935483871
8/3/2016,B,4,43,0,Wednesday,0,0.6666666666666666,0.0967741935483871
8/3/2016,C,9,43,0,Wednesday,0,0.6666666666666666,0.0967741935483871
8/4/2016,A,6,46,0,Thursday,0,0.6666666666666666,0.12903225806451613
8/4/2016,B,2,46,0,Thursday,0,0.6666666666666666,0.12903225806451613
8/4/2016,C,3,46,0,Thursday,0,0.6666666666666666,0.12903225806451613
8/5/2016,A,6,47,0,Friday,0,0.6666666666666666,0.16129032258064516
8/5/2016,B,3,47,0,Friday,0,0.6666666666666666,0.16129032258064516
8/5/2016,C,0,47,0,Friday,0,0.6666666666666666,0.16129032258064516
8/6/2016,A,9,44,0,Saturday,0,0.6666666666666666,0.1935483870967742
8/6/2016,B,3,44,0,Saturday,0,0.6666666666666666,0.1935483870967742
8/6/2016,C,4,44,0,Saturday,0,0.6666666666666666,0.1935483870967742
8/7/2016,A,4,45,0,Sunday,0,0.6666666666666666,0.22580645161290322
8/7/2016,B,1,45,0,Sunday,0,0.6666666666666666,0.22580645161290322
8/7/2016,C,7,45,0,Sunday,0,0.6666666666666666,0.22580645161290322
8/8/2016,A,1,38,0,Monday,0,0.6666666666666666,0.25806451612903225
8/8/2016,B,4,38,0,Monday,0,0.6666666666666666,0.25806451612903225
8/8/2016,C,2,38,0,Monday,0,0.6666666666666666,0.25806451612903225
8/9/2016,A,4,45,0,Tuesday,0,0.6666666666666666,0.2903225806451613
8/9/2016,B,0,45,0,Tuesday,0,0.6666666666666666,0.2903225806451613
8/9/2016,C,3,45,0,Tuesday,0,0.6666666666666666,0.2903225806451613
8/10/2016,A,6,45,0,Wednesday,0,0.6666666666666666,0.3225806451612903
8/10/2016,B,8,45,0,Wednesday,0,0.6666666666666666,0.3225806451612903
8/10/2016,C,0,45,0,Wednesday,0,0.6666666666666666,0.3225806451612903
8/11/2016,A,5,47,0,Thursday,0,0.6666666666666666,0.3548387096774194
8/11/2016,B,0,47,0,Thursday,0,0.6666666666666666,0.3548387096774194
8/11/2016,C,3,47,0,Thursday,0,0.6666666666666666,0.3548387096774194
8/12/2016,A,6,39,0,Friday,0,0.6666666666666666,0.3870967741935484
8/12/2016,B,2,39,0,Friday,0,0.6666666666666666,0.3870967741935484
8/12/2016,C,4,39,0,Friday,0,0.6666666666666666,0.3870967741935484
8/13/2016,A,3,38,0,Saturday,0,0.6666666666666666,0.41935483870967744
8/13/2016,B,5,38,0,Saturday,0,0.6666666666666666,0.41935483870967744
8/13/2016,C,0,38,0,Saturday,0,0.6666666666666666,0.41935483870967744
8/14/2016,A,5,35,0,Sunday,0,0.6666666666666666,0.45161290322580644
8/14/2016,B,2,35,0,Sunday,0,0.6666666666666666,0.45161290322580644
8/14/2016,C,1,35,0,Sunday,0,0.6666666666666666,0.45161290322580644
8/15/2016,A,4,48,0,Monday,0,0.6666666666666666,0.4838709677419355
8/15/2016,B,1,48,0,Monday,0,0.6666666666666666,0.4838709677419355
8/15/2016,C,3,48,0,Monday,0,0.6666666666666666,0.4838709677419355
8/16/2016,A,6,34,0,Tuesday,0,0.6666666666666666,0.5161290322580645
8/16/2016,B,2,34,0,Tuesday,0,0.6666666666666666,0.5161290322580645
8/16/2016,C,5,34,0,Tuesday,0,0.6666666666666666,0.5161290322580645
8/17/2016,A,2,39,2,Wednesday,0,0.6666666666666666,0.5483870967741935
8/17/2016,B,0,39,2,Wednesday,0,0.6666666666666666,0.5483870967741935
8/17/2016,C,8,39,2,Wednesday,0,0.6666666666666666,0.5483870967741935
8/18/2016,A,6,45,2,Thursday,0,0.6666666666666666,0.5806451612903226
8/18/2016,B,1,45,2,Thursday,0,0.6666666666666666,0.5806451612903226
8/18/2016,C,2,45,2,Thursday,0,0.6666666666666666,0.5806451612903226
8/19/2016,A,7,44,2,Friday,0,0.6666666666666666,0.6129032258064516
8/19/2016,B,2,44,2,Friday,0,0.6666666666666666,0.6129032258064516
8/19/2016,C,8,44,2,Friday,0,0.6666666666666666,0.6129032258064516
8/20/2016,A,3,41,2,Saturday,0,0.6666666666666666,0.6451612903225806
8/20/2016,B,2,41,2,Saturday,0,0.6666666666666666,0.6451612903225806
8/20/2016,C,7,41,2,Saturday,0,0.6666666666666666,0.6451612903225806
8/21/2016,A,9,44,0,Sunday,0,0.6666666666666666,0.6774193548387096
8/21/2016,B,0,44,0,Sunday,0,0.6666666666666666,0.6774193548387096
8/21/2016,C,3,44,0,Sunday,0,0.6666666666666666,0.6774193548387096
8/22/2016,A,3,47,0,Monday,0,0.6666666666666666,0.7096774193548387
8/22/2016,B,4,47,0,Monday,0,0.6666666666666666,0.7096774193548387
8/22/2016,C,2,47,0,Monday,0,0.6666666666666666,0.7096774193548387
8/23/2016,A,8,47,0,Tuesday,0,0.6666666666666666,0.7419354838709677
8/23/2016,B,1,47,0,Tuesday,0,0.6666666666666666,0.7419354838709677
8/23/2016,C,5,47,0,Tuesday,0,0.6666666666666666,0.7419354838709677
8/24/2016,A,5,46,0,Wednesday,0,0.6666666666666666,0.7741935483870968
8/24/2016,B,2,46,0,Wednesday,0,0.6666666666666666,0.7741935483870968
8/24/2016,C,3,46,0,Wednesday,0,0.6666666666666666,0.7741935483870968
8/25/2016,A,10,46,0,Thursday,0,0.6666666666666666,0.8064516129032258
8/25/2016,B,2,46,0,Thursday,0,0.6666666666666666,0.8064516129032258
8/25/2016,C,2,46,0,Thursday,0,0.6666666666666666,0.8064516129032258
8/26/2016,A,8,45,0,Friday,0,0.6666666666666666,0.8387096774193549
8/26/2016,B,3,45,0,Friday,0,0.6666666666666666,0.8387096774193549
8/26/2016,C,1,45,0,Friday,0,0.6666666666666666,0.8387096774193549
8/27/2016,A,6,44,0,Saturday,0,0.6666666666666666,0.8709677419354839
8/27/2016,B,4,44,0,Saturday,0,0.6666666666666666,0.8709677419354839
8/27/2016,C,4,44,0,Saturday,0,0.6666666666666666,0.8709677419354839
8/28/2016,A,7,44,0,Sunday,0,0.6666666666666666,0.9032258064516129
8/28/2016,B,1,44,0,Sunday,0,0.6666666666666666,0.9032258064516129
8/28/2016,C,1,44,0,Sunday,0,0.6666666666666666,0.9032258064516129
8/29/2016,A,5,46,0,Monday,0,0.6666666666666666,0.9354838709677419
8/29/2016,B,5,46,0,Monday,0,0.6666666666666666,0.9354838709677419
8/29/2016,C,5,46,0,Monday,0,0.6666666666666666,0.9354838709677419
8/30/2016,A,7,34,0,Tuesday,0,0.6666666666666666,0.967741935483871
8/30/2016,B,3,34,0,Tuesday,0,0.6666666666666666,0.967741935483871
8/30/2016,C,3,34,0,Tuesday,0,0.6666666666666666,0.967741935483871
8/31/2016,A,4,33,0,Wednesday,0,0.6666666666666666,1.0
8/31/2016,B,0,33,0,Wednesday,0,0.6666666666666666,1.0
8/31/2016,C,7,33,0,Wednesday,0,0.6666666666666666,1.0
9/1/2016,A,4,42,0,Thursday,0,0.75,0.03225806451612903
9/1/2016,B,3,42,0,Thursday,0,0.75,0.03225806451612903
9/1/2016,C,7,42,0,Thursday,0,0.75,0.03225806451612903
9/2/2016,A,2,43,0,Friday,0,0.75,0.06451612903225806
9/2/2016,B,4,43,0,Friday,0,0.75,0.06451612903225806
9/2/2016,C,5,43,0,Friday,0,0.75,0.06451612903225806
9/3/2016,A,2,46,0,Saturday,0,0.75,0.0967741935483871
9/3/2016,B,2,46,0,Saturday,0,0.75,0.0967741935483871
9/3/2016,C,4,46,0,Saturday,0,0.75,0.0967741935483871
9/4/2016,A,7,45,0,Sunday,0,0.75,0.12903225806451613
9/4/2016,B,4,45,0,Sunday,0,0.75,0.12903225806451613
9/4/2016,C,4,45,0,Sunday,0,0.75,0.12903225806451613
9/5/2016,A,4,34,0,Monday,0,0.75,0.16129032258064516
9/5/2016,B,5,34,0,Monday,0,0.75,0.16129032258064516
9/5/2016,C,0,34,0,Monday,0,0.75,0.16129032258064516
9/6/2016,A,8,35,0,Tuesday,0,0.75,0.1935483870967742
9/6/2016,B,2,35,0,Tuesday,0,0.75,0.1935483870967742
9/6/2016,C,2,35,0,Tuesday,0,0.75,0.1935483870967742
9/7/2016,A,5,43,2,Wednesday,0,0.75,0.22580645161290322
9/7/2016,B,2,43,2,Wednesday,0,0.75,0.22580645161290322
9/7/2016,C,2,43,2,Wednesday,0,0.75,0.22580645161290322
9/8/2016,A,12,41,2,Thursday,0,0.75,0.25806451612903225
9/8/2016,B,3,41,2,Thursday,0,0.75,0.25806451612903225
9/8/2016,C,1,41,2,Thursday,0,0.75,0.25806451612903225
9/9/2016,A,5,40,2,Friday,0,0.75,0.2903225806451613
9/9/2016,B,2,40,2,Friday,0,0.75,0.2903225806451613
9/9/2016,C,4,40,2,Friday,0,0.75,0.2903225806451613
9/10/2016,A,6,42,0,Saturday,0,0.75,0.3225806451612903
9/10/2016,B,5,42,0,Saturday,0,0.75,0.3225806451612903
9/10/2016,C,5,42,0,Saturday,0,0.75,0.3225806451612903
9/11/2016,A,3,41,0,Sunday,0,0.75,0.3548387096774194
9/11/2016,B,1,41,0,Sunday,0,0.75,0.3548387096774194
9/11/2016,C,3,41,0,Sunday,0,0.75,0.3548387096774194
9/12/2016,A,3,39,0,Monday,0,0.75,0.3870967741935484
9/12/2016,B,1,39,0,Monday,0,0.75,0.3870967741935484
9/12/2016,C,6,39,0,Monday,0,0.75,0.3870967741935484
9/13/2016,A,3,41,0,Tuesday,0,0.75,0.41935483870967744
9/13/2016,B,5,41,0,Tuesday,0,0.75,0.41935483870967744
9/13/2016,C,4,41,0,Tuesday,0,0.75,0.41935483870967744
9/14/2016,A,8,34,2,Wednesday,0,0.75,0.45161290322580644
9/14/2016,B,1,34,2,Wednesday,0,0.75,0.45161290322580644
9/14/2016,C,3,34,2,Wednesday,0,0.75,0.45161290322580644
9/15/2016,A,3,40,2,Thursday,0,0.75,0.4838709677419355
9/15/2016,B,2,40,2,Thursday,0,0.75,0.4838709677419355
9/15/2016,C,3,40,2,Thursday,0,0.75,0.4838709677419355
9/16/2016,A,5,40,2,Friday,0,0.75,0.5161290322580645
9/16/2016,B,3,40,2,Friday,0,0.75,0.5161290322580645
9/16/2016,C,4,40,2,Friday,0,0.75,0.5161290322580645
9/17/2016,A,5,41,0,Saturday,0,0.75,0.5483870967741935
9/17/2016,B,1,41,0,Saturday,0,0.75,0.5483870967741935
9/17/2016,C,1,41,0,Saturday,0,0.75,0.5483870967741935
9/18/2016,A,4,42,0,Sunday,0,0.75,0.5806451612903226
9/18/2016,B,2,42,0,Sunday,0,0.75,0.5806451612903226
9/18/2016,C,4,42,0,Sunday,0,0.75,0.5806451612903226
9/19/2016,A,6,42,0,Monday,0,0.75,0.6129032258064516
9/19/2016,B,1,42,0,Monday,0,0.75,0.6129032258064516
9/19/2016,C,4,42,0,Monday,0,0.75,0.6129032258064516
9/20/2016,A,2,41,0,Tuesday,0,0.75,0.6451612903225806
9/20/2016,B,5,41,0,Tuesday,0,0.75,0.6451612903225806
9/20/2016,C,4,41,0,Tuesday,0,0.75,0.6451612903225806
9/21/2016,A,7,37,0,Wednesday,0,0.75,0.6774193548387096
9/21/2016,B,2,37,0,Wednesday,0,0.75,0.6774193548387096
9/21/2016,C,6,37,0,Wednesday,0,0.75,0.6774193548387096
9/22/2016,A,5,32,0,Thursday,0,0.75,0.7096774193548387
9/22/2016,B,2,32,0,Thursday,0,0.75,0.7096774193548387
9/22/2016,C,5,32,0,Thursday,0,0.75,0.7096774193548387
9/23/2016,A,4,40,0,Friday,0,0.75,0.7419354838709677
9/23/2016,B,2,40,0,Friday,0,0.75,0.7419354838709677
9/23/2016,C,5,40,0,Friday,0,0.75,0.7419354838709677
9/24/2016,A,2,37,0,Saturday,0,0.75,0.7741935483870968
9/24/2016,B,2,37,0,Saturday,0,0.75,0.7741935483870968
9/24/2016,C,3,37,0,Saturday,0,0.75,0.7741935483870968
9/25/2016,A,11,37,0,Sunday,0,0.75,0.8064516129032258
9/25/2016,B,0,37,0,Sunday,0,0.75,0.8064516129032258
9/25/2016,C,2,37,0,Sunday,0,0.75,0.8064516129032258
9/26/2016,A,6,38,0,Monday,0,0.75,0.8387096774193549
9/26/2016,B,3,38,0,Monday,0,0.75,0.8387096774193549
9/26/2016,C,2,38,0,Monday,0,0.75,0.8387096774193549
9/27/2016,A,7,40,0,Tuesday,0,0.75,0.8709677419354839
9/27/2016,B,7,40,0,Tuesday,0,0.75,0.8709677419354839
9/27/2016,C,3,40,0,Tuesday,0,0.75,0.8709677419354839
9/28/2016,A,5,32,0,Wednesday,0,0.75,0.9032258064516129
9/28/2016,B,1,32,0,Wednesday,0,0.75,0.9032258064516129
9/28/2016,C,3,32,0,Wednesday,0,0.75,0.9032258064516129
9/29/2016,A,6,38,0,Thursday,0,0.75,0.9354838709677419
9/29/2016,B,0,38,0,Thursday,0,0.75,0.9354838709677419
9/29/2016,C,4,38,0,Thursday,0,0.75,0.9354838709677419
9/30/2016,A,4,36,0,Friday,0,0.75,0.967741935483871
9/30/2016,B,5,36,0,Friday,0,0.75,0.967741935483871
9/30/2016,C,2,36,0,Friday,0,0.75,0.967741935483871
10/1/2016,A,6,35,0,Saturday,0,0.8333333333333334,0.03225806451612903
10/1/2016,B,2,35,0,Saturday,0,0.8333333333333334,0.03225806451612903
10/1/2016,C,1,35,0,Saturday,0,0.8333333333333334,0.03225806451612903
10/2/2016,A,6,31,0,Sunday,0,0.8333333333333334,0.06451612903225806
10/2/2016,B,0,31,0,Sunday,0,0.8333333333333334,0.06451612903225806
10/2/2016,C,5,31,0,Sunday,0,0.8333333333333334,0.06451612903225806
10/3/2016,A,6,33,0,Monday,0,0.8333333333333334,0.0967741935483871
10/3/2016,B,0,33,0,Monday,0,0.8333333333333334,0.0967741935483871
10/3/2016,C,5,33,0,Monday,0,0.8333333333333334,0.0967741935483871
10/4/2016,A,3,31,0,Tuesday,0,0.8333333333333334,0.12903225806451613
10/4/2016,B,5,31,0,Tuesday,0,0.8333333333333334,0.12903225806451613
10/4/2016,C,2,31,0,Tuesday,0,0.8333333333333334,0.12903225806451613
10/5/2016,A,4,30,0,Wednesday,0,0.8333333333333334,0.16129032258064516
10/5/2016,B,1,30,0,Wednesday,0,0.8333333333333334,0.16129032258064516
10/5/2016,C,4,30,0,Wednesday,0,0.8333333333333334,0.16129032258064516
10/6/2016,A,4,34,1,Thursday,0,0.8333333333333334,0.1935483870967742
10/6/2016,B,5,34,1,Thursday,0,0.8333333333333334,0.1935483870967742
10/6/2016,C,4,34,1,Thursday,0,0.8333333333333334,0.1935483870967742
10/7/2016,A,9,34,1,Friday,0,0.8333333333333334,0.22580645161290322
10/7/2016,B,4,34,1,Friday,0,0.8333333333333334,0.22580645161290322
10/7/2016,C,2,34,1,Friday,0,0.8333333333333334,0.22580645161290322
10/8/2016,A,1,31,1,Saturday,0,0.8333333333333334,0.25806451612903225
10/8/2016,B,5,31,1,Saturday,0,0.8333333333333334,0.25806451612903225
10/8/2016,C,3,31,1,Saturday,0,0.8333333333333334,0.25806451612903225
10/9/2016,A,5,37,1,Sunday,0,0.8333333333333334,0.2903225806451613
10/9/2016,B,5,37,1,Sunday,0,0.8333333333333334,0.2903225806451613
10/9/2016,C,1,37,1,Sunday,0,0.8333333333333334,0.2903225806451613
10/10/2016,A,1,31,1,Monday,0,0.8333333333333334,0.3225806451612903
10/10/2016,B,1,31,1,Monday,0,0.8333333333333334,0.3225806451612903
10/10/2016,C,8,31,1,Monday,0,0.8333333333333334,0.3225806451612903
10/11/2016,A,7,30,0,Tuesday,0,0.8333333333333334,0.3548387096774194
10/11/2016,B,2,30,0,Tuesday,0,0.8333333333333334,0.3548387096774194
10/11/2016,C,2,30,0,Tuesday,0,0.8333333333333334,0.3548387096774194
10/12/2016,A,6,34,0,Wednesday,0,0.8333333333333334,0.3870967741935484
10/12/2016,B,3,34,0,Wednesday,0,0.8333333333333334,0.3870967741935484
10/12/2016,C,5,34,0,Wednesday,0,0.8333333333333334,0.3870967741935484
10/13/2016,A,3,30,0,Thursday,0,0.8333333333333334,0.41935483870967744
10/13/2016,B,5,30,0,Thursday,0,0.8333333333333334,0.41935483870967744
10/13/2016,C,3,30,0,Thursday,0,0.8333333333333334,0.41935483870967744
10/14/2016,A,4,36,0,Friday,0,0.8333333333333334,0.45161290322580644
10/14/2016,B,3,36,0,Friday,0,0.8333333333333334,0.45161290322580644
10/14/2016,C,1,36,0,Friday,0,0.8333333333333334,0.45161290322580644
10/15/2016,A,5,34,0,Saturday,0,0.8333333333333334,0.4838709677419355
10/15/2016,B,2,34,0,Saturday,0,0.8333333333333334,0.4838709677419355
10/15/2016,C,1,34,0,Saturday,0,0.8333333333333334,0.4838709677419355
10/16/2016,A,4,33,0,Sunday,0,0.8333333333333334,0.5161290322580645
10/16/2016,B,3,33,0,Sunday,0,0.8333333333333334,0.5161290322580645
10/16/2016,C,8,33,0,Sunday,0,0.8333333333333334,0.5161290322580645
10/17/2016,A,9,30,0,Monday,0,0.8333333333333334,0.5483870967741935
10/17/2016,B,3,30,0,Monday,0,0.8333333333333334,0.5483870967741935
10/17/2016,C,5,30,0,Monday,0,0.8333333333333334,0.5483870967741935
10/18/2016,A,6,30,0,Tuesday,0,0.8333333333333334,0.5806451612903226
10/18/2016,B,2,30,0,Tuesday,0,0.8333333333333334,0.5806451612903226
10/18/2016,C,2,30,0,Tuesday,0,0.8333333333333334,0.5806451612903226
10/19/2016,A,4,37,0,Wednesday,0,0.8333333333333334,0.6129032258064516
10/19/2016,B,4,37,0,Wednesday,0,0.8333333333333334,0.6129032258064516
10/19/2016,C,6,37,0,Wednesday,0,0.8333333333333334,0.6129032258064516
10/20/2016,A,3,30,0,Thursday,0,0.8333333333333334,0.6451612903225806
10/20/2016,B,0,30,0,Thursday,0,0.8333333333333334,0.6451612903225806
10/20/2016,C,8,30,0,Thursday,0,0.8333333333333334,0.6451612903225806
10/21/2016,A,6,32,0,Friday,0,0.8333333333333334,0.6774193548387096
10/21/2016,B,2,32,0,Friday,0,0.8333333333333334,0.6774193548387096
10/21/2016,C,2,32,0,Friday,0,0.8333333333333334,0.6774193548387096
10/22/2016,A,2,34,0,Saturday,0,0.8333333333333334,0.7096774193548387
10/22/2016,B,4,34,0,Saturday,0,0.8333333333333334,0.7096774193548387
10/22/2016,C,5,34,0,Saturday,0,0.8333333333333334,0.7096774193548387
10/23/2016,A,5,34,0,Sunday,0,0.8333333333333334,0.7419354838709677
10/23/2016,B,2,34,0,Sunday,0,0.8333333333333334,0.7419354838709677
10/23/2016,C,7,34,0,Sunday,0,0.8333333333333334,0.7419354838709677
10/24/2016,A,7,32,0,Monday,0,0.8333333333333334,0.7741935483870968
10/24/2016,B,0,32,0,Monday,0,0.8333333333333334,0.7741935483870968
10/24/2016,C,6,32,0,Monday,0,0.8333333333333334,0.7741935483870968
10/25/2016,A,4,30,0,Tuesday,0,0.8333333333333334,0.8064516129032258
10/25/2016,B,3,30,0,Tuesday,0,0.8333333333333334,0.8064516129032258
10/25/2016,C,5,30,0,Tuesday,0,0.8333333333333334,0.8064516129032258
10/26/2016,A,4,30,1,Wednesday,0,0.8333333333333334,0.8387096774193549
10/26/2016,B,2,30,1,Wednesday,0,0.8333333333333334,0.8387096774193549
10/26/2016,C,6,30,1,Wednesday,0,0.8333333333333334,0.8387096774193549
10/27/2016,A,5,37,1,Thursday,0,0.8333333333333334,0.8709677419354839
10/27/2016,B,0,37,1,Thursday,0,0.8333333333333334,0.8709677419354839
10/27/2016,C,3,37,1,Thursday,0,0.8333333333333334,0.8709677419354839
10/28/2016,A,4,29,1,Friday,0,0.8333333333333334,0.9032258064516129
10/28/2016,B,0,29,1,Friday,0,0.8333333333333334,0.9032258064516129
10/28/2016,C,7,29,1,Friday,0,0.8333333333333334,0.9032258064516129
10/29/2016,A,7,34,1,Saturday,0,0.8333333333333334,0.9354838709677419
10/29/2016,B,3,34,1,Saturday,0,0.8333333333333334,0.9354838709677419
10/29/2016,C,3,34,1,Saturday,0,0.8333333333333334,0.9354838709677419
10/30/2016,A,4,32,0,Sunday,0,0.8333333333333334,0.967741935483871
10/30/2016,B,9,32,0,Sunday,0,0.8333333333333334,0.967741935483871
10/30/2016,C,0,32,0,Sunday,0,0.8333333333333334,0.967741935483871
10/31/2016,A,5,34,0,Monday,0,0.8333333333333334,1.0
10/31/2016,B,4,34,0,Monday,0,0.8333333333333334,1.0
10/31/2016,C,3,34,0,Monday,0,0.8333333333333334,1.0
